날짜,hs_code,품목명,국가명,수출입구분,수출금액,중량
2021-01-01,8561,반도체,미국,Export,475850010,3686.770314875885
2021-02-01,8592,반도체,미국,Export,58987708,2350.319570632749
2021-03-01,8512,반도체,미국,Export,20086402,4852.558275593772
2021-04-01,8573,반도체,미국,Export,496183664,3125.659397175811
2021-05-01,8598,반도체,미국,Export,152702278,3098.0791841396594
2021-06-01,8589,반도체,미국,Export,124057956,543.9715292108219
2021-07-01,8573,반도체,미국,Export,238713817,4313.707993007971
2021-08-01,8527,반도체,미국,Export,474953913,4831.59696206534
2021-09-01,8562,반도체,미국,Export,123137974,1281.0247835274574
2021-10-01,8517,반도체,미국,Import,0,4555.6699701860325
2021-11-01,8511,반도체,미국,Export,218326378,1118.9141480541252
2021-12-01,8527,반도체,미국,Export,389815083,4703.544813664526
2022-01-01,8557,반도체,미국,Import,0,2895.175474586457
2022-02-01,8594,반도체,미국,Export,200451871,1429.61025569209
2022-03-01,8569,반도체,미국,Export,275921080,790.5287023763369
2022-04-01,8580,반도체,미국,Export,217466725,2034.9194390602916
2022-05-01,8590,반도체,미국,Import,0,3971.860148602908
2022-06-01,8550,반도체,미국,Export,458330241,4265.189031170016
2022-07-01,8532,반도체,미국,Export,337732213,3363.0195474257334
2022-08-01,8544,반도체,미국,Import,0,686.0118050976783
2022-09-01,8523,반도체,미국,Export,251959842,2661.390863971771
2022-10-01,8586,반도체,미국,Export,108842409,4489.241618800245
2022-11-01,8513,반도체,미국,Import,0,1321.5319228294873
2022-12-01,8545,반도체,미국,Import,0,3034.4407857938263
2023-01-01,8551,반도체,미국,Import,0,3203.678406901075
2023-02-01,8553,반도체,미국,Export,214089874,4428.073268702455
2023-03-01,8598,반도체,미국,Export,165821702,639.2544301856161
2023-04-01,8586,반도체,미국,Export,431757985,134.06543960283443
2023-05-01,8546,반도체,미국,Export,349293656,1420.1204356127553
2023-06-01,8541,반도체,미국,Import,0,3544.7928985863714
2023-07-01,8561,반도체,미국,Export,130969270,3511.890936914963
2023-08-01,8565,반도체,미국,Export,28074604,3086.8652365014946
2023-09-01,8510,반도체,미국,Import,0,809.9848732469932
2023-10-01,8541,반도체,미국,Export,300421394,496.18129903030473
2023-11-01,8547,반도체,미국,Export,190213735,3198.2985699085393
2023-12-01,8525,반도체,미국,Export,419298222,1671.8223183615055
2024-01-01,8529,반도체,미국,Import,0,1179.1811330711867
2024-02-01,8529,반도체,미국,Export,326134667,954.3955021244581
2024-03-01,8591,반도체,미국,Export,420477951,3410.8815734924756
2024-04-01,8540,반도체,미국,Import,0,1363.9139758042625
2024-05-01,8569,반도체,미국,Export,137806295,4981.643128813829
2024-06-01,8541,반도체,미국,Import,0,1761.2459761386333
2024-07-01,8512,반도체,미국,Import,0,2082.0898228987317
2024-08-01,8581,반도체,미국,Export,394816919,3378.0424480997203
2024-09-01,8598,반도체,미국,Export,335115866,124.80176084647157
2024-10-01,8563,반도체,미국,Export,229727830,4972.841566793021
2024-11-01,8523,반도체,미국,Import,0,3757.807885078318
2024-12-01,8526,반도체,미국,Export,160949788,2758.4471297190066
2025-01-01,8531,반도체,미국,Import,0,4867.751718286983
2025-02-01,8536,반도체,미국,Import,0,1815.3841977039108
2025-03-01,8578,반도체,미국,Import,0,2546.0475614352863
2025-04-01,8526,반도체,미국,Import,0,2402.7281185556203
2025-05-01,8546,반도체,미국,Import,0,2198.1023267548403
2025-06-01,8572,반도체,미국,Export,159791539,1035.4640526366957
2025-07-01,8527,반도체,미국,Export,282832618,4687.158393387826
2025-08-01,8533,반도체,미국,Export,112370171,3388.603232437848
2025-09-01,8511,반도체,미국,Import,0,4258.481995130905
2025-10-01,8548,반도체,미국,Import,0,4065.8696618447166
2025-11-01,8522,반도체,미국,Export,49981148,125.4058275925352
2025-12-01,8517,반도체,미국,Export,353963769,3999.384080236895
2021-01-01,8775,자동차,미국,Export,224852320,3392.928062946477
2021-02-01,8771,자동차,미국,Export,150405213,
2021-03-01,8779,자동차,미국,Import,0,2731.7038932636115
2021-04-01,8769,자동차,미국,Export,115752303,3152.163331513101
2021-05-01,8756,자동차,미국,Import,0,777.9301528472266
2021-06-01,8739,자동차,미국,Import,0,2054.2224170794934
2021-07-01,8771,자동차,미국,Export,419630259,3510.27360985912
2021-08-01,8710,자동차,미국,Export,226752592,1274.958059871276
2021-09-01,8710,자동차,미국,Export,477883987,3715.6948918092658
2021-10-01,8776,자동차,미국,Export,131388184,1844.2661253911817
2021-11-01,8787,자동차,미국,Import,0,561.3692425159445
2021-12-01,8778,자동차,미국,Export,242345176,579.3873871899073
2022-01-01,8742,자동차,미국,Import,0,
2022-02-01,8743,자동차,미국,Export,137837875,174.99224742288527
2022-03-01,8778,자동차,미국,Import,0,3117.6707055105776
2022-04-01,8741,자동차,미국,Export,470712818,2919.823471591807
2022-05-01,8742,자동차,미국,Import,0,4121.133431145381
2022-06-01,8749,자동차,미국,Export,453621814,
2022-07-01,8711,자동차,미국,Import,0,3129.444033255675
2022-08-01,8735,자동차,미국,Export,343990697,1769.060390374776
2022-09-01,8767,자동차,미국,Import,0,3181.8199492214317
2022-10-01,8730,자동차,미국,Export,484114470,2785.062227915628
2022-11-01,8758,자동차,미국,Export,368507400,725.6796741700814
2022-12-01,8732,자동차,미국,Import,0,4306.222484030758
2023-01-01,8798,자동차,미국,Export,126735714,1950.8715422638447
2023-02-01,8798,자동차,미국,Export,166824304,4488.063819631382
2023-03-01,8728,자동차,미국,Import,0,1664.636824193033
2023-04-01,8792,자동차,미국,Export,251582572,508.09361485677226
2023-05-01,8761,자동차,미국,Import,0,3786.635194244632
2023-06-01,8762,자동차,미국,Export,252265949,382.037924081557
2023-07-01,8796,자동차,미국,Import,0,3558.5742710056034
2023-08-01,8767,자동차,미국,Import,0,595.5011130016721
2023-09-01,8751,자동차,미국,Export,204359284,4470.294853006206
2023-10-01,8747,자동차,미국,Import,0,1933.9268992049895
2023-11-01,8780,자동차,미국,Export,493140521,3791.553107768814
2023-12-01,8770,자동차,미국,Export,195213919,3554.9133850536336
2024-01-01,8776,자동차,미국,Import,0,2085.490225228944
2024-02-01,8781,자동차,미국,Export,67587860,3281.1304803687117
2024-03-01,8771,자동차,미국,Export,206109217,2440.8029653131157
2024-04-01,8715,자동차,미국,Export,403033532,4891.713276895927
2024-05-01,8789,자동차,미국,Export,268573543,
2024-06-01,8729,자동차,미국,Export,46962928,914.4556163553393
2024-07-01,8710,자동차,미국,Export,317503459,2963.140128423191
2024-08-01,8721,자동차,미국,Export,479764179,383.53309901276623
2024-09-01,8717,자동차,미국,Export,93143152,3269.556972176747
2024-10-01,8737,자동차,미국,Import,0,4874.534557564216
2024-11-01,8726,자동차,미국,Export,147084118,2114.9129322737126
2024-12-01,8722,자동차,미국,Import,0,4130.432490323528
2025-01-01,8756,자동차,미국,Export,460396510,505.46725817300006
2025-02-01,8714,자동차,미국,Import,0,1944.670497702443
2025-03-01,8758,자동차,미국,Import,0,3772.9336698827533
2025-04-01,8758,자동차,미국,Export,420781065,2396.5964829953546
2025-05-01,8764,자동차,미국,Import,0,4083.21494473738
2025-06-01,8762,자동차,미국,Export,296723270,3657.9921359520554
2025-07-01,8794,자동차,미국,Export,230766626,732.8811342423254
2025-08-01,8771,자동차,미국,Export,440328127,
2025-09-01,8748,자동차,미국,Export,339070865,2649.5077344285874
2025-10-01,8721,자동차,미국,Import,0,4843.071450655133
2025-11-01,8726,자동차,미국,Export,75667461,241.03511393536095
2025-12-01,8775,자동차,미국,Import,0,4525.440187515469
2021-01-01,7259,철강,미국,Import,0,2021.9958209886884
2021-02-01,7261,철강,미국,Export,278248690,2309.4611923389116
2021-03-01,7260,철강,미국,Import,0,4002.7117008019986
2021-04-01,7226,철강,미국,Export,136539750,2349.7652055674803
2021-05-01,7286,철강,미국,Export,112474087,2940.2846789115183
2021-06-01,7232,철강,미국,Export,72742461,844.3231982102424
2021-07-01,7213,철강,미국,Import,0,4494.263208539458
2021-08-01,7259,철강,미국,Export,304948343,1196.860422940971
2021-09-01,7251,철강,미국,Export,96735137,534.6424154095725
2021-10-01,7255,철강,미국,Export,188492231,2566.744627188799
2021-11-01,7256,철강,미국,Import,0,500.61925654947237
2021-12-01,7270,철강,미국,Export,11271561,4354.675424474375
2022-01-01,7261,철강,미국,Export,112581168,1915.3133036777717
2022-02-01,7296,철강,미국,Export,270320219,
2022-03-01,7216,철강,미국,Export,346711097,4237.759295904781
2022-04-01,7227,철강,미국,Export,229232059,2709.8246056296134
2022-05-01,7237,철강,미국,Export,19834886,1678.1879113575735
2022-06-01,7253,철강,미국,Export,124276041,1780.3416349634751
2022-07-01,7227,철강,미국,Import,0,2731.822054910884
2022-08-01,7292,철강,미국,Export,195598586,1753.4894859723986
2022-09-01,7268,철강,미국,Export,184487395,4933.9247190856
2022-10-01,7231,철강,미국,Import,0,1890.2484164028824
2022-11-01,7271,철강,미국,Export,149696632,949.5306169442987
2022-12-01,7240,철강,미국,Export,211094445,4913.655222852171
2023-01-01,7284,철강,미국,Export,434098491,4103.653147651472
2023-02-01,7260,철강,미국,Export,412222121,3620.440627099113
2023-03-01,7254,철강,미국,Export,387051537,1016.5143679318645
2023-04-01,7229,철강,미국,Export,128780768,662.7004412220973
2023-05-01,7246,철강,미국,Export,257990938,4666.870277058977
2023-06-01,7215,철강,미국,Import,0,
2023-07-01,7222,철강,미국,Export,345440058,530.5537450890183
2023-08-01,7218,철강,미국,Export,301862982,2410.723323895776
2023-09-01,7258,철강,미국,Import,0,3755.275175188719
2023-10-01,7284,철강,미국,Import,0,
2023-11-01,7231,철강,미국,Import,0,3929.4209605819333
2023-12-01,7269,철강,미국,Import,0,904.9024098618654
2024-01-01,7235,철강,미국,Import,0,1649.3632532528236
2024-02-01,7281,철강,미국,Export,225176105,1947.027704182047
2024-03-01,7232,철강,미국,Export,224984890,2929.6827274400157
2024-04-01,7275,철강,미국,Export,276340901,4541.71334372628
2024-05-01,7215,철강,미국,Export,173079735,3679.690770365577
2024-06-01,7238,철강,미국,Import,0,3733.1584645813227
2024-07-01,7266,철강,미국,Export,162743813,1317.5967850908821
2024-08-01,7295,철강,미국,Export,359891400,2520.509286941227
2024-09-01,7222,철강,미국,Export,64209551,4247.616229499139
2024-10-01,7238,철강,미국,Import,0,2483.1516617784782
2024-11-01,7236,철강,미국,Export,324162340,3500.34737788879
2024-12-01,7278,철강,미국,Export,415131425,4799.466493363736
2025-01-01,7232,철강,미국,Export,236382843,4741.688364097895
2025-02-01,7271,철강,미국,Export,59389355,1354.4761060829449
2025-03-01,7277,철강,미국,Import,0,212.8107634594238
2025-04-01,7240,철강,미국,Import,0,2178.2402893816916
2025-05-01,7295,철강,미국,Export,456236237,701.7728310440956
2025-06-01,7245,철강,미국,Export,71084713,4612.125224825124
2025-07-01,7249,철강,미국,Export,307868252,1958.5979220891893
2025-08-01,7266,철강,미국,Export,12269691,1734.1459412866066
2025-09-01,7284,철강,미국,Import,0,2381.9305993621847
2025-10-01,7252,철강,미국,Export,26094868,4572.472368107731
2025-11-01,7261,철강,미국,Export,215273470,4582.74491523369
2025-12-01,7231,철강,미국,Import,0,1142.1358432720087
2021-01-01,8458,기계,미국,Export,283079630,4317.096887664597
2021-02-01,8480,기계,미국,Export,301738658,428.6747392032947
2021-03-01,8492,기계,미국,Export,181199629,2394.335959362759
2021-04-01,8425,기계,미국,Export,286772155,421.9723331989266
2021-05-01,8475,기계,미국,Import,0,2457.330947099171
2021-06-01,8413,기계,미국,Export,99144783,4322.749542966235
2021-07-01,8483,기계,미국,Import,0,2680.2344866305393
2021-08-01,8441,기계,미국,Export,360826392,
2021-09-01,8497,기계,미국,Export,106095418,2576.9886076195658
2021-10-01,8476,기계,미국,Import,0,2827.935765438494
2021-11-01,8497,기계,미국,Export,363910796,4292.9126937208
2021-12-01,8446,기계,미국,Export,79130105,2091.3223105402576
2022-01-01,8483,기계,미국,Export,51899180,
2022-02-01,8445,기계,미국,Export,325033526,3549.3360621786965
2022-03-01,8420,기계,미국,Export,137117482,1960.4928000196078
2022-04-01,8414,기계,미국,Import,0,3891.7891636865675
2022-05-01,8495,기계,미국,Import,0,659.7658370099444
2022-06-01,8496,기계,미국,Export,401929075,
2022-07-01,8449,기계,미국,Export,352434468,2072.495213625205
2022-08-01,8413,기계,미국,Import,0,4512.804276058289
2022-09-01,8479,기계,미국,Export,458006415,676.9803061616916
2022-10-01,8426,기계,미국,Export,208571563,2537.577980501464
2022-11-01,8495,기계,미국,Export,77073958,4510.091345055715
2022-12-01,8421,기계,미국,Import,0,2521.9418656775297
2023-01-01,8494,기계,미국,Export,197737878,
2023-02-01,8474,기계,미국,Export,50571347,3055.445336385302
2023-03-01,8449,기계,미국,Export,224224764,4586.017018730378
2023-04-01,8463,기계,미국,Import,0,3351.988710276976
2023-05-01,8442,기계,미국,Import,0,2745.229616650148
2023-06-01,8490,기계,미국,Import,0,3024.529959692757
2023-07-01,8482,기계,미국,Import,0,3668.124905397656
2023-08-01,8451,기계,미국,Export,235243941,
2023-09-01,8460,기계,미국,Export,143351117,2992.130267658527
2023-10-01,8458,기계,미국,Export,77041129,4756.163033721932
2023-11-01,8471,기계,미국,Import,0,3816.122828333839
2023-12-01,8489,기계,미국,Export,426105869,1323.3732434100111
2024-01-01,8435,기계,미국,Export,35281945,
2024-02-01,8426,기계,미국,Export,98481919,2882.9316297078844
2024-03-01,8416,기계,미국,Import,0,4629.541357344999
2024-04-01,8491,기계,미국,Export,375081628,368.92481176772714
2024-05-01,8426,기계,미국,Export,328582001,1887.0165223407987
2024-06-01,8412,기계,미국,Export,351181500,1765.387322463524
2024-07-01,8424,기계,미국,Import,0,2738.167302865859
2024-08-01,8442,기계,미국,Export,444129096,3117.729622093292
2024-09-01,8451,기계,미국,Export,495267243,101.16386552183444
2024-10-01,8448,기계,미국,Export,14647862,358.15079628842005
2024-11-01,8466,기계,미국,Export,294571031,1431.26615823812
2024-12-01,8493,기계,미국,Export,371415327,1270.0080142646814
2025-01-01,8439,기계,미국,Export,427882692,3606.2112446477854
2025-02-01,8462,기계,미국,Import,0,2196.0883553057256
2025-03-01,8421,기계,미국,Export,478643691,4010.1476785025784
2025-04-01,8448,기계,미국,Export,440767970,4729.18690922791
2025-05-01,8434,기계,미국,Import,0,418.4334064661807
2025-06-01,8463,기계,미국,Export,307791029,2612.1737039808922
2025-07-01,8450,기계,미국,Export,101354748,3919.963920477091
2025-08-01,8456,기계,미국,Export,115998771,2639.475796714322
2025-09-01,8444,기계,미국,Import,0,3510.501028463582
2025-10-01,8422,기계,미국,Export,119670631,2731.1746721777263
2025-11-01,8420,기계,미국,Import,0,1401.4402086846596
2025-12-01,8434,기계,미국,Import,0,273.56960525087084
2021-01-01,8520,반도체,중국,Export,52623512,2101.4207440464234
2021-02-01,8514,반도체,중국,Export,33903955,2709.752345063734
2021-03-01,8537,반도체,중국,Export,47304121,4270.913878838966
2021-04-01,8567,반도체,중국,Import,0,3344.348849522167
2021-05-01,8542,반도체,중국,Import,0,4007.3875058739477
2021-06-01,8568,반도체,중국,Import,0,1736.6435058516656
2021-07-01,8572,반도체,중국,Import,0,1027.1855449465288
2021-08-01,8540,반도체,중국,Import,0,731.4623506198815
2021-09-01,8540,반도체,중국,Export,10548854,2825.2905016948093
2021-10-01,8575,반도체,중국,Export,150648685,3122.9419000411367
2021-11-01,8569,반도체,중국,Export,14445478,4111.529160449225
2021-12-01,8580,반도체,중국,Export,275220623,4818.660818909074
2022-01-01,8546,반도체,중국,Export,60229766,4692.41958745861
2022-02-01,8573,반도체,중국,Export,357004323,430.0179471969813
2022-03-01,8591,반도체,중국,Import,0,4870.095948969245
2022-04-01,8561,반도체,중국,Export,381548966,
2022-05-01,8588,반도체,중국,Export,411204965,
2022-06-01,8538,반도체,중국,Export,472708781,600.748736499223
2022-07-01,8538,반도체,중국,Import,0,1181.7711026649258
2022-08-01,8531,반도체,중국,Export,74354211,4353.466180408235
2022-09-01,8530,반도체,중국,Import,0,4301.0644512532435
2022-10-01,8578,반도체,중국,Export,492149047,2105.736630943711
2022-11-01,8570,반도체,중국,Export,108175980,4353.801786103601
2022-12-01,8589,반도체,중국,Export,276184074,880.3041175683959
2023-01-01,8517,반도체,중국,Export,387751703,4239.437817772749
2023-02-01,8573,반도체,중국,Export,154142306,4567.996571303564
2023-03-01,8524,반도체,중국,Import,0,674.8101259157329
2023-04-01,8518,반도체,중국,Export,108257116,
2023-05-01,8511,반도체,중국,Export,400803959,1620.7735987255114
2023-06-01,8527,반도체,중국,Import,0,2038.1709110118466
2023-07-01,8520,반도체,중국,Export,350541124,4314.5997462271025
2023-08-01,8595,반도체,중국,Export,377089203,815.0181627722127
2023-09-01,8588,반도체,중국,Export,254455195,3128.9630981587834
2023-10-01,8541,반도체,중국,Import,0,454.83973351707334
2023-11-01,8539,반도체,중국,Export,26269523,485.03463605960167
2023-12-01,8555,반도체,중국,Import,0,
2024-01-01,8584,반도체,중국,Export,70867783,4491.484383156688
2024-02-01,8541,반도체,중국,Export,156429584,4682.488894967352
2024-03-01,8593,반도체,중국,Import,0,4092.64305735791
2024-04-01,8513,반도체,중국,Export,302763172,3940.7795117524233
2024-05-01,8569,반도체,중국,Export,368478865,
2024-06-01,8522,반도체,중국,Export,244846675,3117.13590751699
2024-07-01,8554,반도체,중국,Export,99237778,3969.5226849981477
2024-08-01,8591,반도체,중국,Export,20221958,3300.9887942629175
2024-09-01,8568,반도체,중국,Export,328659586,1077.758009552811
2024-10-01,8572,반도체,중국,Import,0,4218.216790756975
2024-11-01,8567,반도체,중국,Export,373926195,2184.9173387955693
2024-12-01,8529,반도체,중국,Export,257373992,2762.172564480113
2025-01-01,8575,반도체,중국,Import,0,3985.4848635675944
2025-02-01,8567,반도체,중국,Export,457058039,1132.2447261277662
2025-03-01,8524,반도체,중국,Export,125538126,3902.4010144736044
2025-04-01,8551,반도체,중국,Import,0,4859.835960804034
2025-05-01,8550,반도체,중국,Export,131143226,4366.674516235305
2025-06-01,8598,반도체,중국,Export,334684426,566.7813889776688
2025-07-01,8537,반도체,중국,Import,0,3318.0096562523318
2025-08-01,8565,반도체,중국,Import,0,1261.4364998308472
2025-09-01,8523,반도체,중국,Export,172135787,2299.010111773875
2025-10-01,8514,반도체,중국,Export,131869993,3124.0104343597473
2025-11-01,8593,반도체,중국,Export,195885709,3067.136972459926
2025-12-01,8558,반도체,중국,Import,0,4047.7837494552605
2021-01-01,8770,자동차,중국,Export,26752005,4934.795603750092
2021-02-01,8735,자동차,중국,Import,0,698.3385786491314
2021-03-01,8778,자동차,중국,Export,60621388,2964.8864321686847
2021-04-01,8797,자동차,중국,Import,0,185.16097190885023
2021-05-01,8748,자동차,중국,Import,0,2626.420540038326
2021-06-01,8793,자동차,중국,Import,0,750.3018037144592
2021-07-01,8717,자동차,중국,Export,485256902,560.1135073681501
2021-08-01,8714,자동차,중국,Import,0,1351.001971169316
2021-09-01,8752,자동차,중국,Import,0,2536.156343641294
2021-10-01,8785,자동차,중국,Export,65423811,3998.0008213123756
2021-11-01,8740,자동차,중국,Export,332853880,2029.9355877053765
2021-12-01,8775,자동차,중국,Export,499712725,336.2389904167245
2022-01-01,8757,자동차,중국,Export,378689603,543.3603069065487
2022-02-01,8713,자동차,중국,Import,0,4058.445115512167
2022-03-01,8792,자동차,중국,Export,435761306,1940.7940342204597
2022-04-01,8794,자동차,중국,Import,0,1895.6615208698495
2022-05-01,8769,자동차,중국,Export,278764863,3022.778827428566
2022-06-01,8720,자동차,중국,Export,305689810,3374.24271291958
2022-07-01,8712,자동차,중국,Import,0,4762.244942363357
2022-08-01,8735,자동차,중국,Export,63369987,830.060094253954
2022-09-01,8724,자동차,중국,Import,0,2792.129768309221
2022-10-01,8752,자동차,중국,Export,18933965,
2022-11-01,8724,자동차,중국,Import,0,
2022-12-01,8795,자동차,중국,Export,105333578,915.0248779413965
2023-01-01,8736,자동차,중국,Export,465506879,2708.075045361297
2023-02-01,8739,자동차,중국,Export,360913830,1435.8576035943154
2023-03-01,8784,자동차,중국,Export,70379100,4311.137387074887
2023-04-01,8772,자동차,중국,Import,0,2879.8298761816272
2023-05-01,8777,자동차,중국,Export,52649091,4097.168353170977
2023-06-01,8756,자동차,중국,Import,0,3047.897918717023
2023-07-01,8718,자동차,중국,Export,398934486,3268.3689757720144
2023-08-01,8751,자동차,중국,Import,0,1831.7647585833188
2023-09-01,8759,자동차,중국,Import,0,4270.753878178577
2023-10-01,8728,자동차,중국,Export,315691069,2313.6616258124227
2023-11-01,8742,자동차,중국,Export,116202502,
2023-12-01,8780,자동차,중국,Export,277881732,1236.5407709682795
2024-01-01,8734,자동차,중국,Export,494014904,768.5547875279923
2024-02-01,8748,자동차,중국,Import,0,177.52334965135395
2024-03-01,8777,자동차,중국,Export,364926020,2934.0958933314046
2024-04-01,8745,자동차,중국,Export,104014989,1684.5206543660518
2024-05-01,8777,자동차,중국,Export,226780868,4176.129254931968
2024-06-01,8741,자동차,중국,Export,274605838,4412.387529051145
2024-07-01,8767,자동차,중국,Import,0,3380.4860804711316
2024-08-01,8790,자동차,중국,Export,497785440,2287.1265208684467
2024-09-01,8767,자동차,중국,Export,479236389,958.9844175525322
2024-10-01,8789,자동차,중국,Export,210644147,2171.1766556413286
2024-11-01,8725,자동차,중국,Export,335806744,3997.704807869673
2024-12-01,8714,자동차,중국,Import,0,3866.1390434636915
2025-01-01,8793,자동차,중국,Export,315556987,536.7097173684814
2025-02-01,8725,자동차,중국,Export,258350831,
2025-03-01,8732,자동차,중국,Import,0,1864.6683966104436
2025-04-01,8782,자동차,중국,Import,0,4143.901930341195
2025-05-01,8791,자동차,중국,Import,0,4605.020668750645
2025-06-01,8721,자동차,중국,Export,465991655,670.1953496388328
2025-07-01,8797,자동차,중국,Export,270915784,3634.9681299107856
2025-08-01,8723,자동차,중국,Import,0,2074.602875949291
2025-09-01,8791,자동차,중국,Export,479088215,2907.9030017611617
2025-10-01,8763,자동차,중국,Import,0,3071.2176277235403
2025-11-01,8761,자동차,중국,Export,256257377,2053.4488360843343
2025-12-01,8717,자동차,중국,Export,244334671,2579.9270187490793
2021-01-01,7221,철강,중국,Export,483252858,2219.2396038176466
2021-02-01,7227,철강,중국,Export,146098785,
2021-03-01,7211,철강,중국,Import,0,
2021-04-01,7219,철강,중국,Export,113760121,2474.547776392437
2021-05-01,7288,철강,중국,Export,492002673,1271.9825106580356
2021-06-01,7271,철강,중국,Export,140039830,971.0553004711162
2021-07-01,7213,철강,중국,Export,498381458,4088.454320579492
2021-08-01,7261,철강,중국,Import,0,4255.277837722067
2021-09-01,7272,철강,중국,Export,230394477,1053.6503079217487
2021-10-01,7223,철강,중국,Export,96674701,1996.685925644591
2021-11-01,7271,철강,중국,Import,0,194.04215643297778
2021-12-01,7267,철강,중국,Import,0,3132.8461457378353
2022-01-01,7294,철강,중국,Export,107439576,
2022-02-01,7269,철강,중국,Export,326584160,2546.7357913952296
2022-03-01,7277,철강,중국,Import,0,1293.0420451838495
2022-04-01,7261,철강,중국,Export,431186963,2022.729235489525
2022-05-01,7273,철강,중국,Export,395582659,1645.4937891652623
2022-06-01,7238,철강,중국,Import,0,4658.562535705336
2022-07-01,7237,철강,중국,Export,322228723,3330.834218808335
2022-08-01,7288,철강,중국,Export,445801548,2308.0363179758137
2022-09-01,7253,철강,중국,Export,260988741,
2022-10-01,7252,철강,중국,Export,332927411,4030.4397348251787
2022-11-01,7229,철강,중국,Export,371379096,1830.9319016601144
2022-12-01,7224,철강,중국,Export,471734540,3940.8291161616016
2023-01-01,7214,철강,중국,Export,333548332,3845.426044886506
2023-02-01,7290,철강,중국,Export,154767940,3869.193424406855
2023-03-01,7259,철강,중국,Export,15109572,1351.5260749575757
2023-04-01,7298,철강,중국,Import,0,305.5609948150177
2023-05-01,7221,철강,중국,Import,0,658.3875101001541
2023-06-01,7225,철강,중국,Export,407767196,3316.745175924363
2023-07-01,7249,철강,중국,Export,303280472,565.5573250622929
2023-08-01,7298,철강,중국,Import,0,1441.577406819122
2023-09-01,7260,철강,중국,Import,0,3264.4729820105094
2023-10-01,7248,철강,중국,Import,0,4602.7400148338165
2023-11-01,7230,철강,중국,Export,489414666,3766.140339297088
2023-12-01,7284,철강,중국,Export,166829317,3790.6179459756736
2024-01-01,7222,철강,중국,Import,0,745.4709899273533
2024-02-01,7288,철강,중국,Export,257867819,4219.44483725488
2024-03-01,7270,철강,중국,Export,374277655,3098.508476152922
2024-04-01,7239,철강,중국,Export,437928228,3217.8276344983155
2024-05-01,7267,철강,중국,Import,0,1308.7264361559528
2024-06-01,7273,철강,중국,Import,0,1099.7746096816045
2024-07-01,7236,철강,중국,Export,347063213,1938.773531769065
2024-08-01,7267,철강,중국,Import,0,3754.0955353830377
2024-09-01,7229,철강,중국,Import,0,829.551446628979
2024-10-01,7267,철강,중국,Import,0,2298.1920916772588
2024-11-01,7235,철강,중국,Export,201847592,2121.8470201582563
2024-12-01,7247,철강,중국,Export,91773707,988.4644716349757
2025-01-01,7280,철강,중국,Export,245676716,
2025-02-01,7264,철강,중국,Export,354442286,358.73940629578766
2025-03-01,7228,철강,중국,Export,142212152,4142.742109882304
2025-04-01,7231,철강,중국,Export,350753667,3755.0335231870054
2025-05-01,7273,철강,중국,Import,0,1929.9667211064498
2025-06-01,7227,철강,중국,Import,0,406.45691179710536
2025-07-01,7266,철강,중국,Export,467225532,3248.5694777224385
2025-08-01,7256,철강,중국,Export,67984733,2108.533959511812
2025-09-01,7218,철강,중국,Import,0,1094.3882011170208
2025-10-01,7212,철강,중국,Export,22836387,218.5396430676407
2025-11-01,7290,철강,중국,Import,0,
2025-12-01,7235,철강,중국,Import,0,4225.474477279862
2021-01-01,8483,기계,중국,Export,469303114,3559.4931375537203
2021-02-01,8448,기계,중국,Import,0,2240.56844281438
2021-03-01,8463,기계,중국,Import,0,743.6120999100428
2021-04-01,8498,기계,중국,Export,478741164,
2021-05-01,8416,기계,중국,Export,131019611,4540.647444553079
2021-06-01,8463,기계,중국,Export,220154570,4239.468237801505
2021-07-01,8465,기계,중국,Export,32785287,3136.527256977137
2021-08-01,8459,기계,중국,Export,211436845,1801.9822986683291
2021-09-01,8484,기계,중국,Export,482063272,2844.8240989630253
2021-10-01,8423,기계,중국,Import,0,4908.355743436508
2021-11-01,8446,기계,중국,Export,287011824,2373.2691847728474
2021-12-01,8470,기계,중국,Export,65906934,841.1094608011794
2022-01-01,8480,기계,중국,Export,345039511,2771.0170884774284
2022-02-01,8437,기계,중국,Export,364179008,431.57497331000775
2022-03-01,8479,기계,중국,Export,120812055,4249.901767633944
2022-04-01,8431,기계,중국,Export,426487932,3378.2094529126307
2022-05-01,8448,기계,중국,Import,0,405.1382188212395
2022-06-01,8419,기계,중국,Export,489250290,3990.54961020323
2022-07-01,8430,기계,중국,Export,90706113,1718.053817870338
2022-08-01,8494,기계,중국,Import,0,891.9370753007701
2022-09-01,8449,기계,중국,Export,492644931,
2022-10-01,8412,기계,중국,Export,455517900,2739.6388099682995
2022-11-01,8461,기계,중국,Export,231331441,2047.1688133780508
2022-12-01,8420,기계,중국,Import,0,2664.3151928542325
2023-01-01,8445,기계,중국,Export,145456428,1630.5105992390165
2023-02-01,8491,기계,중국,Export,87397863,3509.905679027132
2023-03-01,8412,기계,중국,Export,187919360,4496.213070726632
2023-04-01,8410,기계,중국,Import,0,1882.0963113050873
2023-05-01,8413,기계,중국,Export,401310703,4842.003797806606
2023-06-01,8420,기계,중국,Import,0,4838.920414769935
2023-07-01,8430,기계,중국,Import,0,1682.7548720924478
2023-08-01,8468,기계,중국,Export,89494368,161.77684788121928
2023-09-01,8434,기계,중국,Import,0,1127.7894436500387
2023-10-01,8418,기계,중국,Export,411341121,2749.8893994291675
2023-11-01,8420,기계,중국,Export,451635045,3293.172801661487
2023-12-01,8495,기계,중국,Import,0,1742.5194321172764
2024-01-01,8471,기계,중국,Import,0,2158.581766453852
2024-02-01,8491,기계,중국,Export,376924905,3290.623165920203
2024-03-01,8478,기계,중국,Export,405035981,4234.312899392949
2024-04-01,8425,기계,중국,Import,0,
2024-05-01,8479,기계,중국,Export,429311256,1213.179829415223
2024-06-01,8472,기계,중국,Export,176786245,4345.293919831576
2024-07-01,8430,기계,중국,Import,0,1589.3373660795467
2024-08-01,8485,기계,중국,Import,0,
2024-09-01,8415,기계,중국,Export,338658832,2846.1590918041557
2024-10-01,8447,기계,중국,Export,121097887,1969.8985053492804
2024-11-01,8487,기계,중국,Export,244744330,188.20043583155342
2024-12-01,8496,기계,중국,Import,0,3567.672799020032
2025-01-01,8428,기계,중국,Import,0,188.23212244222705
2025-02-01,8428,기계,중국,Export,437649381,651.6439130184914
2025-03-01,8449,기계,중국,Export,139024734,326.0054652450958
2025-04-01,8423,기계,중국,Import,0,1556.4652577722243
2025-05-01,8477,기계,중국,Export,41600722,4398.473340094782
2025-06-01,8495,기계,중국,Export,447228224,
2025-07-01,8457,기계,중국,Import,0,2955.753491909099
2025-08-01,8430,기계,중국,Export,41184045,4173.730220489979
2025-09-01,8482,기계,중국,Import,0,3379.0812883965846
2025-10-01,8474,기계,중국,Import,0,3502.807235040473
2025-11-01,8455,기계,중국,Export,389201031,3049.4248119741446
2025-12-01,8430,기계,중국,Export,319340701,2999.316095300995
2021-01-01,8580,반도체,일본,Import,0,1247.5037893958797
2021-02-01,8575,반도체,일본,Export,143068694,2417.1959507734337
2021-03-01,8547,반도체,일본,Export,44756785,1346.5187461250503
2021-04-01,8536,반도체,일본,Export,78611807,1456.3901081773984
2021-05-01,8549,반도체,일본,Export,240174443,2292.5938924800435
2021-06-01,8570,반도체,일본,Export,12697841,137.5537599812041
2021-07-01,8548,반도체,일본,Export,403266982,2903.038352509574
2021-08-01,8518,반도체,일본,Export,410174265,1494.355278638198
2021-09-01,8568,반도체,일본,Import,0,4383.690370957362
2021-10-01,8528,반도체,일본,Export,230792539,4654.190802918259
2021-11-01,8528,반도체,일본,Export,211400326,4547.293912527119
2021-12-01,8542,반도체,일본,Export,413657288,4779.796506276446
2022-01-01,8555,반도체,일본,Export,35056336,
2022-02-01,8591,반도체,일본,Import,0,3359.9312996924705
2022-03-01,8528,반도체,일본,Export,302197544,2792.9599179385036
2022-04-01,8524,반도체,일본,Export,377426874,2122.1090978086436
2022-05-01,8560,반도체,일본,Import,0,149.64280173594256
2022-06-01,8548,반도체,일본,Import,0,3647.46797178386
2022-07-01,8547,반도체,일본,Import,0,4957.189810994802
2022-08-01,8521,반도체,일본,Export,154569946,2481.4024196082546
2022-09-01,8594,반도체,일본,Import,0,1158.6516885572673
2022-10-01,8547,반도체,일본,Import,0,3493.214850679204
2022-11-01,8582,반도체,일본,Import,0,3966.0272836118875
2022-12-01,8576,반도체,일본,Export,230560446,2938.4051337205815
2023-01-01,8584,반도체,일본,Import,0,1918.744874844375
2023-02-01,8542,반도체,일본,Export,267648173,2607.2387942494074
2023-03-01,8546,반도체,일본,Export,446147547,1794.7995576155013
2023-04-01,8569,반도체,일본,Import,0,132.88091248989377
2023-05-01,8520,반도체,일본,Export,162496572,3417.891134701546
2023-06-01,8565,반도체,일본,Export,494137623,2324.6079438609627
2023-07-01,8578,반도체,일본,Export,121958505,4889.515378152802
2023-08-01,8535,반도체,일본,Export,29108046,251.6833755047833
2023-09-01,8559,반도체,일본,Export,163471067,820.6030677762831
2023-10-01,8546,반도체,일본,Export,478400226,1638.436915149029
2023-11-01,8582,반도체,일본,Export,492166449,1513.1866453118541
2023-12-01,8531,반도체,일본,Export,275289727,855.3107115745868
2024-01-01,8595,반도체,일본,Import,0,4208.891153023858
2024-02-01,8560,반도체,일본,Export,96813753,2586.4871939867367
2024-03-01,8520,반도체,일본,Export,283277324,1801.657491249487
2024-04-01,8522,반도체,일본,Import,0,2495.599375783012
2024-05-01,8591,반도체,일본,Export,315468919,2889.9490697931856
2024-06-01,8594,반도체,일본,Import,0,4277.533131317612
2024-07-01,8573,반도체,일본,Export,300577105,3035.6908666975933
2024-08-01,8530,반도체,일본,Import,0,
2024-09-01,8550,반도체,일본,Export,439774384,4725.80625974445
2024-10-01,8557,반도체,일본,Export,55899486,3797.6439858330996
2024-11-01,8584,반도체,일본,Export,109579314,3832.811137750716
2024-12-01,8590,반도체,일본,Import,0,4905.622783558804
2025-01-01,8513,반도체,일본,Export,405228777,2434.7685805136343
2025-02-01,8554,반도체,일본,Export,225183410,4250.147385614597
2025-03-01,8547,반도체,일본,Export,135463306,250.87124333619445
2025-04-01,8589,반도체,일본,Import,0,
2025-05-01,8519,반도체,일본,Import,0,1567.0383830212381
2025-06-01,8533,반도체,일본,Import,0,2690.032737638766
2025-07-01,8517,반도체,일본,Export,497377834,
2025-08-01,8545,반도체,일본,Import,0,3728.333046572244
2025-09-01,8514,반도체,일본,Import,0,4064.9975385812522
2025-10-01,8572,반도체,일본,Export,53416309,
2025-11-01,8539,반도체,일본,Export,22004239,1600.0729703100067
2025-12-01,8586,반도체,일본,Export,474367132,454.35072876389916
2021-01-01,8725,자동차,일본,Export,344056835,653.3650491614554
2021-02-01,8769,자동차,일본,Export,81146291,3579.5392764663625
2021-03-01,8743,자동차,일본,Export,147692204,4037.0654421547347
2021-04-01,8736,자동차,일본,Export,20793191,2957.961713034966
2021-05-01,8739,자동차,일본,Export,489700746,3057.1161706125554
2021-06-01,8795,자동차,일본,Export,102042997,3626.978121437962
2021-07-01,8781,자동차,일본,Export,281782100,3221.745101696434
2021-08-01,8762,자동차,일본,Export,403939668,2807.2547402986565
2021-09-01,8796,자동차,일본,Import,0,2067.0835914746485
2021-10-01,8784,자동차,일본,Export,143058053,2071.9885234249778
2021-11-01,8735,자동차,일본,Export,360368972,3008.08023858208
2021-12-01,8717,자동차,일본,Export,11871762,1309.436959089321
2022-01-01,8720,자동차,일본,Import,0,736.6566302249363
2022-02-01,8777,자동차,일본,Import,0,4470.1735095726
2022-03-01,8765,자동차,일본,Export,482398424,537.5186701753073
2022-04-01,8742,자동차,일본,Export,465783773,4236.81864178851
2022-05-01,8794,자동차,일본,Import,0,3365.2885265332116
2022-06-01,8726,자동차,일본,Export,341293033,4725.513296279727
2022-07-01,8792,자동차,일본,Import,0,336.11146072715155
2022-08-01,8737,자동차,일본,Export,434251880,2432.241881957114
2022-09-01,8780,자동차,일본,Import,0,2140.871716329007
2022-10-01,8725,자동차,일본,Export,191869191,4361.839565740383
2022-11-01,8796,자동차,일본,Import,0,1546.9772401019807
2022-12-01,8727,자동차,일본,Import,0,
2023-01-01,8763,자동차,일본,Export,107615484,4462.053512917254
2023-02-01,8766,자동차,일본,Export,413421620,3931.87514117154
2023-03-01,8783,자동차,일본,Export,17199760,1957.5608384924874
2023-04-01,8723,자동차,일본,Export,212684910,2515.0364637924886
2023-05-01,8763,자동차,일본,Export,140670846,3651.7968466435836
2023-06-01,8774,자동차,일본,Export,162813290,3892.5577529485363
2023-07-01,8767,자동차,일본,Export,429993484,
2023-08-01,8743,자동차,일본,Export,99052203,2233.9873648137345
2023-09-01,8764,자동차,일본,Export,263800658,1805.6684065246116
2023-10-01,8752,자동차,일본,Import,0,2787.0719773587043
2023-11-01,8741,자동차,일본,Export,450294696,3937.6722251632673
2023-12-01,8795,자동차,일본,Import,0,4507.330541475898
2024-01-01,8737,자동차,일본,Export,241966431,392.6107959573577
2024-02-01,8718,자동차,일본,Export,127187801,2700.613040905496
2024-03-01,8741,자동차,일본,Export,47046469,1891.8356664807195
2024-04-01,8766,자동차,일본,Export,314982684,3928.477093161795
2024-05-01,8762,자동차,일본,Export,268359938,4541.462723180741
2024-06-01,8774,자동차,일본,Export,179144182,4595.680631346752
2024-07-01,8756,자동차,일본,Import,0,3480.9987128138227
2024-08-01,8793,자동차,일본,Import,0,2293.5997845110496
2024-09-01,8736,자동차,일본,Import,0,1835.9120477211284
2024-10-01,8715,자동차,일본,Export,144604869,4054.1309053315686
2024-11-01,8722,자동차,일본,Export,234712992,2848.284870476826
2024-12-01,8742,자동차,일본,Export,77129540,4975.408709692955
2025-01-01,8779,자동차,일본,Export,63357723,3219.0393690914366
2025-02-01,8768,자동차,일본,Export,490760428,2890.744919878808
2025-03-01,8728,자동차,일본,Export,96286780,
2025-04-01,8738,자동차,일본,Export,454870408,4724.137804819082
2025-05-01,8775,자동차,일본,Import,0,2024.6895014657825
2025-06-01,8774,자동차,일본,Import,0,3928.6093190105908
2025-07-01,8795,자동차,일본,Export,305501510,4193.498371126417
2025-08-01,8737,자동차,일본,Export,122051622,3208.382075471267
2025-09-01,8775,자동차,일본,Export,262194972,4060.549653824094
2025-10-01,8776,자동차,일본,Export,448374970,102.16962904231863
2025-11-01,8736,자동차,일본,Export,477875026,2523.9084289972884
2025-12-01,8776,자동차,일본,Import,0,3795.8983694004114
2021-01-01,7287,철강,일본,Export,314799385,4962.967217936417
2021-02-01,7291,철강,일본,Import,0,1277.9546731781838
2021-03-01,7296,철강,일본,Export,257919374,
2021-04-01,7226,철강,일본,Export,82607184,3429.794642956151
2021-05-01,7220,철강,일본,Import,0,2194.758973507747
2021-06-01,7269,철강,일본,Export,220750409,4528.412101698196
2021-07-01,7287,철강,일본,Export,392379096,2434.045093175384
2021-08-01,7217,철강,일본,Export,101206589,1724.6670254292494
2021-09-01,7277,철강,일본,Export,154668483,4409.533196567819
2021-10-01,7236,철강,일본,Import,0,1727.7360622664626
2021-11-01,7213,철강,일본,Export,84281586,4391.827109233579
2021-12-01,7232,철강,일본,Export,466194885,2019.93742008915
2022-01-01,7269,철강,일본,Export,266029988,367.70865800476423
2022-02-01,7247,철강,일본,Export,14944397,2243.6614403802278
2022-03-01,7277,철강,일본,Import,0,1199.0380680967207
2022-04-01,7278,철강,일본,Import,0,3087.1919571188196
2022-05-01,7236,철강,일본,Import,0,714.2467313826895
2022-06-01,7248,철강,일본,Export,118039332,3836.16613393021
2022-07-01,7225,철강,일본,Export,48443349,2768.0350996089387
2022-08-01,7218,철강,일본,Export,141734903,3179.3268323530947
2022-09-01,7257,철강,일본,Export,155314356,3600.6784039490867
2022-10-01,7274,철강,일본,Export,357159951,943.237223546771
2022-11-01,7275,철강,일본,Import,0,3600.200515101488
2022-12-01,7232,철강,일본,Export,71311375,4267.310912328105
2023-01-01,7250,철강,일본,Import,0,1792.1755659999503
2023-02-01,7212,철강,일본,Export,68248451,3847.123793233768
2023-03-01,7273,철강,일본,Import,0,1964.5367783624831
2023-04-01,7277,철강,일본,Export,198333968,223.44772840022387
2023-05-01,7267,철강,일본,Export,311796838,4232.062645588372
2023-06-01,7238,철강,일본,Export,410392789,2777.5085487814517
2023-07-01,7274,철강,일본,Import,0,2463.0953701357416
2023-08-01,7271,철강,일본,Import,0,2043.1130417508198
2023-09-01,7229,철강,일본,Import,0,3162.643011817508
2023-10-01,7266,철강,일본,Export,400373884,1327.292704083245
2023-11-01,7225,철강,일본,Export,491133792,3177.1675747600807
2023-12-01,7221,철강,일본,Export,150940037,1603.205337658492
2024-01-01,7214,철강,일본,Import,0,
2024-02-01,7271,철강,일본,Export,51120572,1733.9667086204513
2024-03-01,7256,철강,일본,Import,0,4912.042731378217
2024-04-01,7296,철강,일본,Export,107506148,2149.835934101173
2024-05-01,7238,철강,일본,Export,169374413,4712.234996385073
2024-06-01,7271,철강,일본,Export,264163487,978.8869418598313
2024-07-01,7271,철강,일본,Export,282192757,1030.0949845635644
2024-08-01,7258,철강,일본,Export,204830065,1394.9536894773325
2024-09-01,7289,철강,일본,Export,319043230,2793.0707158007076
2024-10-01,7264,철강,일본,Export,47719938,470.3597078849282
2024-11-01,7263,철강,일본,Export,350940764,2344.308837174468
2024-12-01,7262,철강,일본,Import,0,4828.575310326912
2025-01-01,7257,철강,일본,Export,295942913,2676.2054758397608
2025-02-01,7277,철강,일본,Import,0,618.9384415784124
2025-03-01,7231,철강,일본,Export,470137977,132.7424331970501
2025-04-01,7239,철강,일본,Export,343254823,
2025-05-01,7258,철강,일본,Import,0,4704.29240533819
2025-06-01,7255,철강,일본,Export,102384896,3395.0564403226413
2025-07-01,7236,철강,일본,Import,0,553.8648669516992
2025-08-01,7237,철강,일본,Export,432046616,4104.536325697423
2025-09-01,7228,철강,일본,Export,298832454,3105.1292559481576
2025-10-01,7293,철강,일본,Export,109972086,3304.571052465026
2025-11-01,7261,철강,일본,Export,16735321,1317.043675812021
2025-12-01,7257,철강,일본,Export,456472459,1838.8180706561243
2021-01-01,8442,기계,일본,Import,0,497.63097482757183
2021-02-01,8447,기계,일본,Import,0,2518.1548615566003
2021-03-01,8412,기계,일본,Export,312223967,3740.119318972901
2021-04-01,8460,기계,일본,Import,0,2194.72868674812
2021-05-01,8448,기계,일본,Import,0,1905.3997075912366
2021-06-01,8465,기계,일본,Export,395812939,2115.563385845805
2021-07-01,8449,기계,일본,Export,226847302,3281.67939042672
2021-08-01,8472,기계,일본,Export,153267724,
2021-09-01,8416,기계,일본,Export,37526277,2506.3690739775093
2021-10-01,8464,기계,일본,Import,0,156.31311916076504
2021-11-01,8494,기계,일본,Import,0,445.4105336514088
2021-12-01,8480,기계,일본,Import,0,4149.791641959236
2022-01-01,8410,기계,일본,Export,161805368,1324.789037348344
2022-02-01,8430,기계,일본,Import,0,475.5154517287192
2022-03-01,8455,기계,일본,Export,457756337,4768.793583312279
2022-04-01,8467,기계,일본,Export,471149198,4393.965222397326
2022-05-01,8444,기계,일본,Import,0,2655.837040455655
2022-06-01,8485,기계,일본,Export,430794496,3766.943682962125
2022-07-01,8438,기계,일본,Export,235002724,2114.358683514155
2022-08-01,8432,기계,일본,Export,220508210,3729.0681295824156
2022-09-01,8427,기계,일본,Export,155425474,2752.7110897706166
2022-10-01,8441,기계,일본,Export,446519212,1283.5305243382406
2022-11-01,8445,기계,일본,Export,68023369,1138.2822191565344
2022-12-01,8456,기계,일본,Import,0,1247.5965175390372
2023-01-01,8481,기계,일본,Import,0,2132.2055521406082
2023-02-01,8476,기계,일본,Export,351250605,3540.5158712909642
2023-03-01,8422,기계,일본,Export,436558213,3193.9527139700444
2023-04-01,8458,기계,일본,Import,0,4672.323448600711
2023-05-01,8426,기계,일본,Export,111063535,2020.1109286213273
2023-06-01,8458,기계,일본,Import,0,3904.7975829899888
2023-07-01,8412,기계,일본,Export,284732364,3179.2896374114766
2023-08-01,8434,기계,일본,Export,368345094,3516.649553363899
2023-09-01,8495,기계,일본,Import,0,2476.9638338997465
2023-10-01,8487,기계,일본,Export,260175279,4120.9339126152745
2023-11-01,8420,기계,일본,Import,0,2000.3478405929632
2023-12-01,8457,기계,일본,Export,111898616,305.72860165698233
2024-01-01,8445,기계,일본,Export,425484663,2773.3673950788243
2024-02-01,8486,기계,일본,Export,403869127,2224.0139405026084
2024-03-01,8476,기계,일본,Export,117854549,1817.5506180021928
2024-04-01,8471,기계,일본,Export,193495395,
2024-05-01,8439,기계,일본,Export,116657025,3342.2530131592966
2024-06-01,8470,기계,일본,Export,60802504,338.4225519423952
2024-07-01,8467,기계,일본,Export,393160388,3783.560262739618
2024-08-01,8490,기계,일본,Export,17167846,1115.4872688675036
2024-09-01,8418,기계,일본,Export,180011703,2014.7002464152217
2024-10-01,8412,기계,일본,Export,222249924,3894.083146428516
2024-11-01,8471,기계,일본,Export,86673590,2422.2139785689033
2024-12-01,8417,기계,일본,Import,0,1008.3266175043062
2025-01-01,8485,기계,일본,Export,364928759,3754.191557473018
2025-02-01,8459,기계,일본,Import,0,4126.97163826826
2025-03-01,8471,기계,일본,Export,349255872,1393.903724999222
2025-04-01,8410,기계,일본,Export,269074965,4146.996765848549
2025-05-01,8436,기계,일본,Import,0,1396.711631934251
2025-06-01,8413,기계,일본,Import,0,4918.19771841049
2025-07-01,8493,기계,일본,Export,190490134,
2025-08-01,8479,기계,일본,Export,213468076,4453.474138622311
2025-09-01,8455,기계,일본,Import,0,1682.8339941950599
2025-10-01,8438,기계,일본,Import,0,3367.1823579410966
2025-11-01,8463,기계,일본,Import,0,4839.591578879191
2025-12-01,8470,기계,일본,Import,0,4052.658759831401
2021-01-01,8544,반도체,베트남,Import,0,1589.748334995198
2021-02-01,8584,반도체,베트남,Export,186609145,3940.3174302686584
2021-03-01,8557,반도체,베트남,Import,0,
2021-04-01,8558,반도체,베트남,Export,383528286,290.79628176956146
2021-05-01,8512,반도체,베트남,Export,316060883,4335.722909654984
2021-06-01,8570,반도체,베트남,Export,322777897,3691.7177361789313
2021-07-01,8534,반도체,베트남,Import,0,3024.574196750021
2021-08-01,8564,반도체,베트남,Export,313078258,3202.056002147614
2021-09-01,8559,반도체,베트남,Export,328259375,4041.6288924196197
2021-10-01,8584,반도체,베트남,Import,0,4180.876319158471
2021-11-01,8596,반도체,베트남,Export,463273115,
2021-12-01,8598,반도체,베트남,Export,327833088,1448.9122459141147
2022-01-01,8513,반도체,베트남,Export,212775458,
2022-02-01,8590,반도체,베트남,Import,0,
2022-03-01,8568,반도체,베트남,Import,0,4206.959377444348
2022-04-01,8512,반도체,베트남,Export,323125757,4772.321979472393
2022-05-01,8558,반도체,베트남,Export,145736136,4614.40680984358
2022-06-01,8549,반도체,베트남,Export,301100562,
2022-07-01,8590,반도체,베트남,Import,0,4416.767727634321
2022-08-01,8516,반도체,베트남,Export,255772092,4883.31617744161
2022-09-01,8596,반도체,베트남,Export,150394578,4032.937530529355
2022-10-01,8590,반도체,베트남,Import,0,4869.5748339076235
2022-11-01,8529,반도체,베트남,Import,0,2233.4288662611043
2022-12-01,8551,반도체,베트남,Export,469602963,517.0070819869482
2023-01-01,8567,반도체,베트남,Export,122389230,2398.6253341331358
2023-02-01,8561,반도체,베트남,Export,224843790,2696.4181793337784
2023-03-01,8581,반도체,베트남,Export,225472838,1464.0055601470174
2023-04-01,8517,반도체,베트남,Export,117656327,200.55199217369352
2023-05-01,8545,반도체,베트남,Import,0,406.5677268753127
2023-06-01,8591,반도체,베트남,Export,177896121,4336.828717104886
2023-07-01,8511,반도체,베트남,Export,416363974,3562.7101150207295
2023-08-01,8573,반도체,베트남,Export,294542551,2576.9929259103333
2023-09-01,8569,반도체,베트남,Export,249038816,503.1343889576032
2023-10-01,8566,반도체,베트남,Export,360441362,1481.4033102331728
2023-11-01,8598,반도체,베트남,Import,0,3369.340452251487
2023-12-01,8524,반도체,베트남,Import,0,719.146758441102
2024-01-01,8549,반도체,베트남,Import,0,1056.315934371387
2024-02-01,8572,반도체,베트남,Export,284193638,3466.4918378541547
2024-03-01,8557,반도체,베트남,Import,0,1708.3422178238632
2024-04-01,8571,반도체,베트남,Export,452616027,4460.430259720084
2024-05-01,8586,반도체,베트남,Export,293864088,2499.1598640461993
2024-06-01,8548,반도체,베트남,Export,466838151,3733.852835313749
2024-07-01,8562,반도체,베트남,Import,0,1171.6780215855579
2024-08-01,8531,반도체,베트남,Export,305886981,2925.408634935617
2024-09-01,8515,반도체,베트남,Export,193528639,4008.8880904062485
2024-10-01,8558,반도체,베트남,Import,0,2908.793652802998
2024-11-01,8550,반도체,베트남,Export,133796555,2648.362899444637
2024-12-01,8513,반도체,베트남,Export,10320161,4366.278267215037
2025-01-01,8586,반도체,베트남,Export,123707312,1400.3135468496796
2025-02-01,8533,반도체,베트남,Export,248203937,
2025-03-01,8517,반도체,베트남,Export,463016009,3950.4819627950283
2025-04-01,8537,반도체,베트남,Export,382682064,857.0117996241364
2025-05-01,8526,반도체,베트남,Import,0,4682.343224959817
2025-06-01,8591,반도체,베트남,Export,93647098,249.27206291390462
2025-07-01,8549,반도체,베트남,Import,0,3383.1594352570773
2025-08-01,8562,반도체,베트남,Export,34619074,271.0666080154966
2025-09-01,8563,반도체,베트남,Export,498235163,4000.436271893688
2025-10-01,8541,반도체,베트남,Export,34311042,3650.5316055533817
2025-11-01,8581,반도체,베트남,Export,461960067,3508.560796534884
2025-12-01,8520,반도체,베트남,Export,288547800,3292.426848311573
2021-01-01,8794,자동차,베트남,Export,287232961,4652.809114337268
2021-02-01,8746,자동차,베트남,Export,377218742,2212.4507849753245
2021-03-01,8720,자동차,베트남,Export,153333048,1727.807297641876
2021-04-01,8737,자동차,베트남,Export,302673285,3301.579142545535
2021-05-01,8747,자동차,베트남,Export,474109116,4435.790076710421
2021-06-01,8752,자동차,베트남,Export,176487418,2332.533866542533
2021-07-01,8769,자동차,베트남,Export,495153334,1628.2092352422537
2021-08-01,8737,자동차,베트남,Import,0,1782.5948406704567
2021-09-01,8781,자동차,베트남,Export,470108246,2318.787199633492
2021-10-01,8725,자동차,베트남,Export,357964993,1437.4549741842904
2021-11-01,8743,자동차,베트남,Import,0,
2021-12-01,8729,자동차,베트남,Import,0,2931.666452201033
2022-01-01,8767,자동차,베트남,Import,0,3942.610254389808
2022-02-01,8753,자동차,베트남,Import,0,2071.7906705666273
2022-03-01,8796,자동차,베트남,Export,154585451,1564.3999627692508
2022-04-01,8775,자동차,베트남,Import,0,1776.3273422316108
2022-05-01,8795,자동차,베트남,Import,0,2480.505401671894
2022-06-01,8761,자동차,베트남,Export,369602734,3197.966939252519
2022-07-01,8779,자동차,베트남,Import,0,1785.392664132659
2022-08-01,8727,자동차,베트남,Import,0,4377.7950307456085
2022-09-01,8749,자동차,베트남,Import,0,
2022-10-01,8770,자동차,베트남,Export,392194280,
2022-11-01,8768,자동차,베트남,Export,490478431,
2022-12-01,8774,자동차,베트남,Export,352855550,3123.0257341840593
2023-01-01,8748,자동차,베트남,Import,0,2883.0740568487945
2023-02-01,8763,자동차,베트남,Import,0,
2023-03-01,8765,자동차,베트남,Import,0,
2023-04-01,8764,자동차,베트남,Export,116947337,4948.215652320195
2023-05-01,8763,자동차,베트남,Import,0,
2023-06-01,8789,자동차,베트남,Export,187654300,4048.0011757742677
2023-07-01,8726,자동차,베트남,Export,418949566,1855.8398176912015
2023-08-01,8723,자동차,베트남,Export,196685724,4061.1881205790855
2023-09-01,8740,자동차,베트남,Import,0,4669.518904254629
2023-10-01,8758,자동차,베트남,Export,216172988,3048.242603689651
2023-11-01,8715,자동차,베트남,Export,88997217,3316.407057153219
2023-12-01,8723,자동차,베트남,Export,423982540,1197.5144747388977
2024-01-01,8772,자동차,베트남,Export,469856257,
2024-02-01,8744,자동차,베트남,Export,207571800,4184.855651328344
2024-03-01,8726,자동차,베트남,Import,0,4815.081088384868
2024-04-01,8779,자동차,베트남,Export,341153233,
2024-05-01,8777,자동차,베트남,Export,282600723,242.8604115082361
2024-06-01,8737,자동차,베트남,Export,263955326,3579.562355052669
2024-07-01,8724,자동차,베트남,Import,0,4794.778243705226
2024-08-01,8766,자동차,베트남,Export,149992801,547.733113816005
2024-09-01,8748,자동차,베트남,Import,0,4139.91043626229
2024-10-01,8715,자동차,베트남,Import,0,1262.007883290785
2024-11-01,8715,자동차,베트남,Export,133072941,4236.640393902101
2024-12-01,8783,자동차,베트남,Export,290790678,
2025-01-01,8720,자동차,베트남,Export,359294537,3513.806046040068
2025-02-01,8792,자동차,베트남,Import,0,3388.356469721283
2025-03-01,8793,자동차,베트남,Import,0,3134.7829252708657
2025-04-01,8718,자동차,베트남,Export,305729115,3331.579310091503
2025-05-01,8782,자동차,베트남,Export,98779806,3151.491675875221
2025-06-01,8796,자동차,베트남,Export,214424775,885.1054447848808
2025-07-01,8734,자동차,베트남,Export,400633425,3648.739483298551
2025-08-01,8750,자동차,베트남,Export,35671734,882.1620170176194
2025-09-01,8784,자동차,베트남,Export,21616799,4191.241307902578
2025-10-01,8773,자동차,베트남,Import,0,
2025-11-01,8784,자동차,베트남,Import,0,147.46572543074194
2025-12-01,8725,자동차,베트남,Export,15538242,3958.1225949314376
2021-01-01,7285,철강,베트남,Export,188415259,
2021-02-01,7236,철강,베트남,Export,357625043,1430.3108124592854
2021-03-01,7255,철강,베트남,Export,105279345,556.660985857204
2021-04-01,7272,철강,베트남,Import,0,1207.787447951757
2021-05-01,7289,철강,베트남,Export,104692213,347.74002100174084
2021-06-01,7232,철강,베트남,Export,113451711,
2021-07-01,7246,철강,베트남,Export,366489322,2473.5168094441615
2021-08-01,7286,철강,베트남,Export,290277980,4046.6184135699327
2021-09-01,7229,철강,베트남,Export,369613634,1798.1379231010833
2021-10-01,7227,철강,베트남,Import,0,269.8962507077253
2021-11-01,7222,철강,베트남,Export,130794753,4882.5602231409985
2021-12-01,7245,철강,베트남,Import,0,644.5720219268608
2022-01-01,7288,철강,베트남,Export,414771695,3398.151441464963
2022-02-01,7229,철강,베트남,Export,331629071,2722.2464350337164
2022-03-01,7253,철강,베트남,Import,0,4963.650797890041
2022-04-01,7228,철강,베트남,Export,92840271,1823.8445314107273
2022-05-01,7240,철강,베트남,Export,151825365,2391.6379411758976
2022-06-01,7211,철강,베트남,Export,313198317,3360.2895212526314
2022-07-01,7248,철강,베트남,Export,467872188,3476.5295033663256
2022-08-01,7213,철강,베트남,Export,305564161,2665.6426810477974
2022-09-01,7284,철강,베트남,Import,0,1540.9305646662112
2022-10-01,7211,철강,베트남,Export,305210217,
2022-11-01,7259,철강,베트남,Import,0,4249.747399701869
2022-12-01,7263,철강,베트남,Export,305543558,3444.409051734836
2023-01-01,7247,철강,베트남,Import,0,190.0920965428267
2023-02-01,7286,철강,베트남,Import,0,3295.9532303489596
2023-03-01,7231,철강,베트남,Import,0,3536.7780992424814
2023-04-01,7241,철강,베트남,Export,244478901,4651.411794243271
2023-05-01,7282,철강,베트남,Export,315138818,4053.112062566718
2023-06-01,7275,철강,베트남,Export,218935194,2785.911493367308
2023-07-01,7240,철강,베트남,Export,404707697,2049.632460229413
2023-08-01,7293,철강,베트남,Export,286320587,
2023-09-01,7227,철강,베트남,Export,72467983,4021.0111036495377
2023-10-01,7279,철강,베트남,Import,0,1537.4317650609482
2023-11-01,7265,철강,베트남,Import,0,3414.169232576348
2023-12-01,7276,철강,베트남,Import,0,3806.0379209561447
2024-01-01,7230,철강,베트남,Import,0,
2024-02-01,7225,철강,베트남,Export,452325700,4202.588734978693
2024-03-01,7224,철강,베트남,Export,56265259,4174.4398322498955
2024-04-01,7236,철강,베트남,Export,206993336,3671.8020805152705
2024-05-01,7240,철강,베트남,Export,168136020,2816.347737960208
2024-06-01,7241,철강,베트남,Export,427063860,4792.39506673568
2024-07-01,7279,철강,베트남,Import,0,1981.808928116392
2024-08-01,7298,철강,베트남,Export,201050875,2452.2321488194198
2024-09-01,7248,철강,베트남,Import,0,2276.107428842431
2024-10-01,7229,철강,베트남,Export,295530080,4081.121723116441
2024-11-01,7290,철강,베트남,Import,0,4311.8263448978905
2024-12-01,7242,철강,베트남,Import,0,728.7967247249461
2025-01-01,7229,철강,베트남,Import,0,4377.011165671756
2025-02-01,7254,철강,베트남,Export,392370452,3401.1384943565668
2025-03-01,7262,철강,베트남,Export,400289174,1239.4525249421895
2025-04-01,7235,철강,베트남,Import,0,1461.4412997121708
2025-05-01,7248,철강,베트남,Export,487981783,
2025-06-01,7251,철강,베트남,Import,0,303.73690324830943
2025-07-01,7255,철강,베트남,Import,0,3299.453324875427
2025-08-01,7281,철강,베트남,Export,295733807,3678.086417010521
2025-09-01,7270,철강,베트남,Export,498317171,3532.115815866869
2025-10-01,7260,철강,베트남,Export,456556203,202.577177350993
2025-11-01,7298,철강,베트남,Export,418270134,1584.785784211947
2025-12-01,7258,철강,베트남,Export,341291462,1605.4709130538304
2021-01-01,8454,기계,베트남,Export,69019196,2964.261254971345
2021-02-01,8463,기계,베트남,Export,238696765,475.9418515791376
2021-03-01,8426,기계,베트남,Import,0,659.2858496171973
2021-04-01,8498,기계,베트남,Export,213264571,1997.6446159817224
2021-05-01,8447,기계,베트남,Export,233137736,2133.3061367904343
2021-06-01,8450,기계,베트남,Export,98453931,1386.1058670941961
2021-07-01,8461,기계,베트남,Export,155707150,896.4361385966685
2021-08-01,8413,기계,베트남,Export,112327158,386.96999589421586
2021-09-01,8482,기계,베트남,Export,58311172,670.7414633993517
2021-10-01,8452,기계,베트남,Export,287266774,4549.2908725661455
2021-11-01,8425,기계,베트남,Export,283592634,4362.695381198676
2021-12-01,8448,기계,베트남,Import,0,3800.15472548146
2022-01-01,8439,기계,베트남,Export,164355082,3977.9077774841803
2022-02-01,8462,기계,베트남,Import,0,3424.606726387848
2022-03-01,8415,기계,베트남,Export,363812371,297.39904201219247
2022-04-01,8439,기계,베트남,Import,0,2458.2619609742615
2022-05-01,8436,기계,베트남,Export,177505169,
2022-06-01,8471,기계,베트남,Export,182255707,
2022-07-01,8427,기계,베트남,Export,303735958,4521.776052942306
2022-08-01,8442,기계,베트남,Export,419332539,1064.7505717008494
2022-09-01,8477,기계,베트남,Import,0,4018.9384857843384
2022-10-01,8415,기계,베트남,Export,238396983,
2022-11-01,8423,기계,베트남,Export,90667929,
2022-12-01,8467,기계,베트남,Import,0,391.9767770304042
2023-01-01,8468,기계,베트남,Export,121118586,3365.957685795871
2023-02-01,8412,기계,베트남,Export,100384935,1091.240350875198
2023-03-01,8447,기계,베트남,Import,0,2468.1419963349936
2023-04-01,8493,기계,베트남,Export,242473097,
2023-05-01,8425,기계,베트남,Import,0,4402.3642129378395
2023-06-01,8480,기계,베트남,Export,58023765,315.9227216948688
2023-07-01,8453,기계,베트남,Export,32336727,4735.257360243437
2023-08-01,8498,기계,베트남,Import,0,4921.754419967738
2023-09-01,8487,기계,베트남,Import,0,1854.884610992808
2023-10-01,8452,기계,베트남,Export,33016765,4647.453576121356
2023-11-01,8468,기계,베트남,Export,12051847,3385.128235604896
2023-12-01,8418,기계,베트남,Export,213567070,217.6247197399554
2024-01-01,8476,기계,베트남,Export,484223341,2794.334473985551
2024-02-01,8454,기계,베트남,Import,0,575.1317877305812
2024-03-01,8475,기계,베트남,Import,0,650.5859615500295
2024-04-01,8486,기계,베트남,Import,0,1814.695482496499
2024-05-01,8462,기계,베트남,Export,346774825,4811.917454526212
2024-06-01,8474,기계,베트남,Import,0,4893.281275780136
2024-07-01,8491,기계,베트남,Export,407129426,1435.988171831175
2024-08-01,8437,기계,베트남,Import,0,
2024-09-01,8449,기계,베트남,Import,0,2073.4234752594707
2024-10-01,8425,기계,베트남,Export,320073279,3867.708218398725
2024-11-01,8464,기계,베트남,Import,0,4410.047333887634
2024-12-01,8474,기계,베트남,Import,0,1583.8664559958368
2025-01-01,8439,기계,베트남,Import,0,1814.286482486187
2025-02-01,8432,기계,베트남,Import,0,
2025-03-01,8460,기계,베트남,Export,183867609,3923.0419778246046
2025-04-01,8418,기계,베트남,Export,374920996,2120.774996292544
2025-05-01,8454,기계,베트남,Export,249207060,752.5924157708647
2025-06-01,8426,기계,베트남,Export,350068532,995.480713338436
2025-07-01,8484,기계,베트남,Export,149956734,
2025-08-01,8449,기계,베트남,Export,73012278,
2025-09-01,8473,기계,베트남,Import,0,2096.091068642879
2025-10-01,8434,기계,베트남,Import,0,4322.157935025594
2025-11-01,8428,기계,베트남,Export,406113492,3097.067455010963
2025-12-01,8451,기계,베트남,Export,98584723,1417.108313647971
2021-01-01,8543,반도체,독일,Export,223637638,3010.8423812773744
2021-02-01,8557,반도체,독일,Import,0,3643.0510166433774
2021-03-01,8527,반도체,독일,Export,148809357,2061.532897247671
2021-04-01,8572,반도체,독일,Export,433105148,1613.1311492131151
2021-05-01,8524,반도체,독일,Export,85354015,4442.239340874366
2021-06-01,8527,반도체,독일,Import,0,
2021-07-01,8570,반도체,독일,Export,150738392,
2021-08-01,8518,반도체,독일,Export,77438569,104.55414266280921
2021-09-01,8545,반도체,독일,Import,0,3406.9766949653585
2021-10-01,8561,반도체,독일,Export,260985206,3434.3493663694326
2021-11-01,8573,반도체,독일,Import,0,4679.265015506026
2021-12-01,8598,반도체,독일,Export,84424224,
2022-01-01,8534,반도체,독일,Export,367361802,2917.796809948192
2022-02-01,8567,반도체,독일,Export,82141266,1112.246979486726
2022-03-01,8595,반도체,독일,Import,0,1418.891697858983
2022-04-01,8597,반도체,독일,Import,0,3995.7842862700427
2022-05-01,8523,반도체,독일,Export,99578560,4785.83021941547
2022-06-01,8598,반도체,독일,Export,452591571,1410.3348645133276
2022-07-01,8589,반도체,독일,Import,0,4389.894386939893
2022-08-01,8536,반도체,독일,Export,394690992,1441.1224426240178
2022-09-01,8515,반도체,독일,Export,344444834,1724.9225606283865
2022-10-01,8535,반도체,독일,Export,129349851,
2022-11-01,8570,반도체,독일,Import,0,4766.695086753751
2022-12-01,8568,반도체,독일,Import,0,4734.173540907058
2023-01-01,8518,반도체,독일,Export,493415925,3029.4159355438564
2023-02-01,8544,반도체,독일,Import,0,
2023-03-01,8589,반도체,독일,Import,0,1978.6459911854688
2023-04-01,8542,반도체,독일,Export,102705938,3629.881593073584
2023-05-01,8557,반도체,독일,Export,416067402,4164.857306846944
2023-06-01,8523,반도체,독일,Import,0,3515.4184134210677
2023-07-01,8533,반도체,독일,Export,78230953,3098.841796801331
2023-08-01,8588,반도체,독일,Export,481094143,3427.896584765858
2023-09-01,8512,반도체,독일,Import,0,4331.0745810086655
2023-10-01,8570,반도체,독일,Import,0,152.50495870725885
2023-11-01,8571,반도체,독일,Export,135263155,2685.0618800971574
2023-12-01,8580,반도체,독일,Export,441158167,2577.0518794451023
2024-01-01,8517,반도체,독일,Import,0,2422.6307031473807
2024-02-01,8593,반도체,독일,Import,0,3946.813213127513
2024-03-01,8552,반도체,독일,Export,234434022,1357.5713152118694
2024-04-01,8515,반도체,독일,Export,162670152,4243.7022591589775
2024-05-01,8560,반도체,독일,Export,36819026,1100.7863212053016
2024-06-01,8518,반도체,독일,Import,0,2613.5988141224466
2024-07-01,8538,반도체,독일,Import,0,431.26327241467743
2024-08-01,8510,반도체,독일,Export,68378929,2610.7248215873224
2024-09-01,8541,반도체,독일,Import,0,1249.0474406030594
2024-10-01,8571,반도체,독일,Export,124036890,363.7695720514495
2024-11-01,8522,반도체,독일,Import,0,2315.7921476073398
2024-12-01,8570,반도체,독일,Export,259358094,4321.083861504489
2025-01-01,8567,반도체,독일,Export,28471885,4059.5323038685106
2025-02-01,8579,반도체,독일,Import,0,2738.1353985060928
2025-03-01,8538,반도체,독일,Export,356122278,
2025-04-01,8560,반도체,독일,Export,69720955,189.54784164518054
2025-05-01,8581,반도체,독일,Export,160831383,1281.7095501080335
2025-06-01,8592,반도체,독일,Export,219796034,400.9831333731801
2025-07-01,8531,반도체,독일,Export,488973166,4058.541663851508
2025-08-01,8574,반도체,독일,Export,477167410,395.11203001145753
2025-09-01,8523,반도체,독일,Import,0,4237.142834346674
2025-10-01,8528,반도체,독일,Export,169878254,201.71435740742464
2025-11-01,8594,반도체,독일,Export,276869126,481.4969460829711
2025-12-01,8562,반도체,독일,Export,78111080,2256.3482678258424
2021-01-01,8774,자동차,독일,Import,0,
2021-02-01,8716,자동차,독일,Export,107617646,1492.503048987471
2021-03-01,8777,자동차,독일,Import,0,2282.7193556980105
2021-04-01,8759,자동차,독일,Import,0,2566.3911399701547
2021-05-01,8793,자동차,독일,Import,0,679.2898191550534
2021-06-01,8715,자동차,독일,Import,0,295.0760532841938
2021-07-01,8753,자동차,독일,Import,0,3700.0719942986257
2021-08-01,8766,자동차,독일,Export,355918555,2568.0741857083704
2021-09-01,8747,자동차,독일,Export,196992084,3898.6492406053744
2021-10-01,8796,자동차,독일,Import,0,2306.3841707744764
2021-11-01,8767,자동차,독일,Export,316462390,
2021-12-01,8723,자동차,독일,Import,0,4638.91055691386
2022-01-01,8739,자동차,독일,Export,409048121,1972.4051228538685
2022-02-01,8772,자동차,독일,Export,332305037,2865.5373636610493
2022-03-01,8741,자동차,독일,Export,187625972,4137.588494211894
2022-04-01,8767,자동차,독일,Export,98277737,638.3292573298364
2022-05-01,8796,자동차,독일,Import,0,454.15704310856535
2022-06-01,8734,자동차,독일,Export,308808253,1279.938698758549
2022-07-01,8749,자동차,독일,Import,0,2765.4682452963407
2022-08-01,8771,자동차,독일,Export,408039828,1779.9109275467085
2022-09-01,8749,자동차,독일,Export,360200880,1277.0752227210892
2022-10-01,8783,자동차,독일,Import,0,1057.7442018051595
2022-11-01,8791,자동차,독일,Export,108619256,4462.159446799277
2022-12-01,8729,자동차,독일,Export,295732633,
2023-01-01,8736,자동차,독일,Import,0,1212.194843410453
2023-02-01,8798,자동차,독일,Import,0,1382.580390658964
2023-03-01,8712,자동차,독일,Import,0,4556.787517759478
2023-04-01,8758,자동차,독일,Import,0,3653.044683673249
2023-05-01,8781,자동차,독일,Import,0,4710.862380614742
2023-06-01,8725,자동차,독일,Export,30123404,3749.642870096574
2023-07-01,8789,자동차,독일,Export,199858567,2958.765443190332
2023-08-01,8729,자동차,독일,Export,101345704,3771.910239560289
2023-09-01,8780,자동차,독일,Export,247497863,231.65150482018296
2023-10-01,8777,자동차,독일,Export,360411259,4789.960679445001
2023-11-01,8721,자동차,독일,Import,0,2724.6090528791146
2023-12-01,8735,자동차,독일,Export,260375664,
2024-01-01,8796,자동차,독일,Export,128753310,3350.2224765696096
2024-02-01,8793,자동차,독일,Import,0,4699.701713332772
2024-03-01,8787,자동차,독일,Export,291046007,1774.0414521839489
2024-04-01,8773,자동차,독일,Export,97423887,629.959571409448
2024-05-01,8760,자동차,독일,Export,103950746,2821.936672831194
2024-06-01,8762,자동차,독일,Export,53185871,3906.3123423222905
2024-07-01,8773,자동차,독일,Export,415560845,3725.3523503419774
2024-08-01,8712,자동차,독일,Export,106278613,
2024-09-01,8720,자동차,독일,Export,355124304,4650.124719500128
2024-10-01,8723,자동차,독일,Export,351134300,1045.06578657911
2024-11-01,8719,자동차,독일,Export,365781577,694.3846902271172
2024-12-01,8721,자동차,독일,Import,0,955.4902711112134
2025-01-01,8713,자동차,독일,Import,0,708.1261017975092
2025-02-01,8715,자동차,독일,Export,104091450,3366.759694273314
2025-03-01,8782,자동차,독일,Import,0,1470.2179606167106
2025-04-01,8794,자동차,독일,Export,404535454,1010.3070780236683
2025-05-01,8723,자동차,독일,Export,429440526,3774.7730408317984
2025-06-01,8748,자동차,독일,Import,0,2000.3879208983624
2025-07-01,8747,자동차,독일,Import,0,2426.368129613891
2025-08-01,8715,자동차,독일,Export,280879289,3729.251547226467
2025-09-01,8781,자동차,독일,Export,175260779,980.03892905647
2025-10-01,8742,자동차,독일,Import,0,466.98962580972034
2025-11-01,8757,자동차,독일,Export,65976197,1351.2314161216173
2025-12-01,8735,자동차,독일,Export,238464107,3980.484552522444
2021-01-01,7296,철강,독일,Import,0,321.24168562023056
2021-02-01,7227,철강,독일,Import,0,2026.9812769861546
2021-03-01,7227,철강,독일,Export,172889079,1646.112585249364
2021-04-01,7219,철강,독일,Export,208078404,4966.999462505758
2021-05-01,7242,철강,독일,Export,304388153,3534.2419164950115
2021-06-01,7228,철강,독일,Export,108717321,1399.5218312844627
2021-07-01,7243,철강,독일,Export,37549904,2479.608062225368
2021-08-01,7239,철강,독일,Export,41301086,1655.2053651366375
2021-09-01,7267,철강,독일,Import,0,
2021-10-01,7286,철강,독일,Export,431727232,
2021-11-01,7297,철강,독일,Import,0,272.5543502750652
2021-12-01,7224,철강,독일,Export,441120496,3278.546471451086
2022-01-01,7262,철강,독일,Import,0,4240.357182836497
2022-02-01,7237,철강,독일,Import,0,1574.7349661949463
2022-03-01,7274,철강,독일,Import,0,3509.3953380096527
2022-04-01,7294,철강,독일,Export,239592927,824.9958371360887
2022-05-01,7232,철강,독일,Import,0,1775.1422671109399
2022-06-01,7240,철강,독일,Import,0,268.7134120092413
2022-07-01,7218,철강,독일,Import,0,4574.8254627684255
2022-08-01,7278,철강,독일,Export,488713117,1015.9640042630899
2022-09-01,7267,철강,독일,Export,188067926,4697.08774537114
2022-10-01,7265,철강,독일,Export,317459270,4625.957703993298
2022-11-01,7224,철강,독일,Export,371887566,412.59332564262957
2022-12-01,7221,철강,독일,Export,477731382,
2023-01-01,7296,철강,독일,Import,0,4029.0168254187492
2023-02-01,7227,철강,독일,Export,373025941,2758.6093021331826
2023-03-01,7287,철강,독일,Import,0,3080.2357461555885
2023-04-01,7251,철강,독일,Export,462911687,1228.8945329908581
2023-05-01,7226,철강,독일,Import,0,381.2200340725404
2023-06-01,7248,철강,독일,Export,18163630,1760.8293992073986
2023-07-01,7268,철강,독일,Import,0,
2023-08-01,7240,철강,독일,Import,0,1622.5051087260924
2023-09-01,7258,철강,독일,Import,0,2952.1436425086954
2023-10-01,7277,철강,독일,Import,0,1545.234537807476
2023-11-01,7295,철강,독일,Export,433184115,4984.364985337434
2023-12-01,7294,철강,독일,Import,0,4400.972083826862
2024-01-01,7262,철강,독일,Export,40480494,4131.2443164143115
2024-02-01,7226,철강,독일,Export,240009352,4303.503139235696
2024-03-01,7271,철강,독일,Export,261463046,3605.3669841754104
2024-04-01,7253,철강,독일,Export,46897702,1941.6770793916983
2024-05-01,7251,철강,독일,Export,171323001,357.1603794886651
2024-06-01,7269,철강,독일,Import,0,2655.599821163739
2024-07-01,7287,철강,독일,Import,0,
2024-08-01,7266,철강,독일,Export,102509073,2130.601148820626
2024-09-01,7228,철강,독일,Import,0,151.51480025410208
2024-10-01,7252,철강,독일,Import,0,2437.2186238265035
2024-11-01,7210,철강,독일,Export,394743043,2488.290885193957
2024-12-01,7296,철강,독일,Export,34748622,2781.793246161953
2025-01-01,7230,철강,독일,Export,294116492,1484.4963108413306
2025-02-01,7274,철강,독일,Export,297937223,4120.899767688326
2025-03-01,7234,철강,독일,Export,225385841,2601.2546435975623
2025-04-01,7294,철강,독일,Export,241390948,3593.123609789209
2025-05-01,7296,철강,독일,Import,0,3163.5590126540474
2025-06-01,7272,철강,독일,Export,308996044,4717.6200533952315
2025-07-01,7211,철강,독일,Import,0,3495.2536640213616
2025-08-01,7280,철강,독일,Import,0,2087.661771291464
2025-09-01,7278,철강,독일,Export,38293128,
2025-10-01,7233,철강,독일,Export,350535365,2624.318439094285
2025-11-01,7226,철강,독일,Import,0,
2025-12-01,7241,철강,독일,Import,0,3930.721147050759
2021-01-01,8495,기계,독일,Export,400355985,1756.109597302197
2021-02-01,8410,기계,독일,Export,125638336,803.3693041244628
2021-03-01,8495,기계,독일,Import,0,4838.145721629745
2021-04-01,8448,기계,독일,Import,0,1296.3230464838455
2021-05-01,8443,기계,독일,Export,192301348,553.0026334816264
2021-06-01,8482,기계,독일,Export,129557698,4836.997714922029
2021-07-01,8439,기계,독일,Export,448822313,4836.448882390927
2021-08-01,8487,기계,독일,Export,347006911,1440.025125337401
2021-09-01,8477,기계,독일,Export,412658684,780.9480602444605
2021-10-01,8414,기계,독일,Export,358468442,133.30308807194774
2021-11-01,8475,기계,독일,Export,227909260,2925.070450760586
2021-12-01,8471,기계,독일,Export,11326993,4264.737830131424
2022-01-01,8443,기계,독일,Export,41406408,3021.098982794495
2022-02-01,8453,기계,독일,Export,346723098,4092.4889708659275
2022-03-01,8412,기계,독일,Export,75551291,
2022-04-01,8457,기계,독일,Export,117844132,1344.525291543642
2022-05-01,8497,기계,독일,Import,0,1146.3599870026728
2022-06-01,8486,기계,독일,Import,0,2015.4953915216952
2022-07-01,8412,기계,독일,Export,227753853,1586.0864030821829
2022-08-01,8465,기계,독일,Import,0,3910.866759332186
2022-09-01,8436,기계,독일,Export,325797680,996.0361810988749
2022-10-01,8411,기계,독일,Import,0,2104.994678546594
2022-11-01,8431,기계,독일,Export,159006371,4076.972370779782
2022-12-01,8497,기계,독일,Export,455774406,
2023-01-01,8421,기계,독일,Export,270424830,2344.019750998724
2023-02-01,8454,기계,독일,Import,0,1377.4729932509758
2023-03-01,8465,기계,독일,Export,277971775,3600.8524510403304
2023-04-01,8480,기계,독일,Import,0,4655.283077736509
2023-05-01,8459,기계,독일,Export,228623514,2814.499487378395
2023-06-01,8479,기계,독일,Import,0,620.4477551834354
2023-07-01,8495,기계,독일,Export,317919409,
2023-08-01,8458,기계,독일,Export,326739613,2345.9810491889
2023-09-01,8447,기계,독일,Export,51781487,4344.300173458245
2023-10-01,8488,기계,독일,Export,75374004,3489.052669669259
2023-11-01,8463,기계,독일,Import,0,2493.85808555726
2023-12-01,8489,기계,독일,Import,0,3282.8244331091128
2024-01-01,8433,기계,독일,Export,325121132,1647.1426721717817
2024-02-01,8416,기계,독일,Import,0,1374.235397236926
2024-03-01,8462,기계,독일,Import,0,3580.722353490428
2024-04-01,8463,기계,독일,Export,323162845,1770.7136708506437
2024-05-01,8473,기계,독일,Export,305417512,3305.6802639421635
2024-06-01,8430,기계,독일,Export,209869009,
2024-07-01,8491,기계,독일,Export,440868987,2619.7123552032904
2024-08-01,8410,기계,독일,Export,456791099,
2024-09-01,8491,기계,독일,Import,0,3004.2107265501013
2024-10-01,8443,기계,독일,Export,239822220,4649.922111181266
2024-11-01,8494,기계,독일,Export,42367100,4865.58435468371
2024-12-01,8470,기계,독일,Export,377277326,3527.7178623160667
2025-01-01,8414,기계,독일,Export,71373103,
2025-02-01,8461,기계,독일,Export,360710603,4866.689138116575
2025-03-01,8475,기계,독일,Export,338674862,4124.171159826943
2025-04-01,8455,기계,독일,Import,0,1824.4558765857062
2025-05-01,8430,기계,독일,Import,0,
2025-06-01,8417,기계,독일,Export,423427108,2246.41597193638
2025-07-01,8424,기계,독일,Import,0,3790.282351180403
2025-08-01,8446,기계,독일,Export,37931169,2980.2124019212556
2025-09-01,8437,기계,독일,Export,63650576,1093.9808697665394
2025-10-01,8497,기계,독일,Import,0,2259.6213013128913
2025-11-01,8481,기계,독일,Export,373425223,3408.6311040539836
2025-12-01,8436,기계,독일,Export,349992949,1598.4862052899534
